Time,Open,High,Low,Close,Volume,mean,sm,isSm,adx,di+,di-,rsi,sma,sma55,ema,bbh,bbm,bbl
17:00 22-11-2021,55993.04,56711.96,55610.0,56247.18,7129.16569,58203.7105,-508.299714285715,False,22.6317908719716,17.387122567784775,23.206152088608004,38.09918735296607,57808.676,60118.46327272727,57468.805746405866,60508.56193263403,58205.83714285714,55903.11235308025
21:00 22-11-2021,56243.83,57258.56,55971.97,56947.82,7357.4206,58149.449,-760.9929892857153,False,21.451629674076308,19.11782942101845,21.60585692573586,41.689608656435496,57634.167,59983.332727272726,57374.08106524116,60309.057486997444,58028.53571428572,55748.01394157399
01:00 23-11-2021,56947.82,57037.06,55809.45,56006.74,7505.13779,58047.174,-1159.3252928571444,False,20.506775067055816,17.852779323595087,21.052194072412707,38.52984678471242,57314.915,59826.40418181818,57125.473598833676,60062.838545245766,57764.195,55465.55145475423
05:00 23-11-2021,56006.74,58009.99,55317.0,56149.51,14389.97222,57928.99450000001,-1436.0261750000022,False,19.43453065934221,20.32346047687695,18.206123679694866,39.26495738749933,56998.453,59672.25745454545,56948.02567177301,59963.259190514116,57583.82642857143,55204.39366662875
09:00 23-11-2021,56147.19,57749.5,56093.55,56883.07,9115.30123,57854.145000000004,-1549.5770785714315,False,18.438875137893863,18.653501505952132,16.71014421304524,42.954598376486,56824.558000000005,59534.76654545455,56936.21554963246,59703.85002040279,57433.85,55163.84997959721
13:00 23-11-2021,56883.07,57854.39,56883.06,57778.2,7105.18588,57811.77150000001,-1455.3915642857182,False,17.61965967630464,18.265907804231592,15.885596236953873,47.08374880304133,56864.039000000004,59420.362727272724,57089.30363151747,59540.32856476753,57368.513571428564,55196.6985780896
17:00 23-11-2021,57778.21,57850.01,57380.49,57541.27,4444.83245,57809.41650000001,-1500.9366285714336,False,16.858959604828932,17.808467673793515,15.487767161465197,46.152962503429286,56892.212,59299.84036363636,57171.47933487792,59176.63639757906,57250.08571428571,55323.53503099237
21:00 23-11-2021,57541.26,57735.0,56136.0,56399.99,6366.81521,57657.914000000004,-1565.034485714292,False,16.50737562770498,16.310383475498742,20.732059902052146,41.94820568090957,56814.159999999996,59134.03836363636,57031.20854671829,58631.756631427845,57041.932857142856,55452.10908285787
01:00 24-11-2021,56399.99,56797.02,56214.85,56497.47,4974.37633,57497.412,-1534.6461571428622,False,16.18090479180417,15.789588803505481,20.070079982778438,42.41984913125841,56644.428,58966.48963636363,56934.16517458769,58234.34605790264,56890.17928571429,55546.01251352593
05:00 24-11-2021,56497.46,57560.0,56311.0,56613.63,6607.71179,57394.36,-1537.3065642857196,False,15.065138580832828,18.90175655279165,18.69116931335651,43.00072716376075,56706.488,58803.47,56875.88605193538,58156.953288071265,56835.19642857143,55513.43956907159
09:00 24-11-2021,56613.64,57166.23,55837.0,56727.53,10084.21014,57281.5995,-1455.4832928571489,False,14.448267974163958,17.522027627823235,19.92978603506188,43.5881167840582,56754.523,58639.73309090909,56848.912224310756,58098.39867615748,56797.19571428571,55495.99275241395
13:00 24-11-2021,56727.53,57116.46,56477.01,56825.13,5609.38942,57188.21050000001,-1329.87794285715,True,13.87545955368572,16.883548826562233,19.20357179962437,44.107648212472434,56742.254,58504.04163636364,56844.58818352698,58055.86543646674,56771.811428571425,55487.75742067611
17:00 24-11-2021,56825.13,57476.03,56722.0,57138.29,5969.54675,57085.162,-1062.9875607142912,True,12.905511830901377,18.24585627390319,18.354262691370142,45.79374873110459,56855.409,58374.44872727272,56897.9885137948,57738.3907317297,56696.34714285714,55654.30355398459
21:00 24-11-2021,57138.29,58270.0,57108.74,57749.99,7949.67795,57006.954999999994,-628.8923535714327,True,12.825884471716043,21.671377092645145,17.09995452818954,48.959622172351786,57015.456999999995,58267.96236363637,57052.897874923015,57916.70327868924,56821.84428571428,55726.98529273932
01:00 25-11-2021,57749.99,57825.0,57000.0,57648.89,5469.65202,56958.2985,-255.81538928571854,True,12.61249197602244,20.594590518528747,16.90521370525355,48.46715108555386,57092.039000000004,58208.71654545454,57161.26007948246,58044.32747490214,56921.96642857143,55799.60538224073
05:00 25-11-2021,57648.9,58482.66,57329.75,58009.99,8165.97576,56989.628500000006,61.056164285709656,True,13.072079472200757,23.13050807546606,15.729039963175728,50.34499061181381,57115.21799999999,58157.89327272727,57315.57461048565,58252.70860707985,56997.83571428571,55742.96282149158
09:00 25-11-2021,58009.99,59137.76,57900.16,59048.5,9209.03334,57079.0765,528.8920285714253,True,14.06979942952817,25.34910071196582,14.55812380111249,55.27844184251963,57265.94099999999,58130.148,57630.65195403372,58733.895663068855,57215.10428571428,55696.31290835971
13:00 25-11-2021,59048.5,59390.0,58667.01,58853.83,7112.50053,57162.74250000001,899.8681071428555,True,15.201237161015552,25.775877906637984,13.906813584107327,54.215580469964415,57511.325,58097.14236363636,57853.047962391225,59020.81849302056,57408.27,55795.72150697943
17:00 25-11-2021,58853.84,59398.9,58519.54,58960.36,4246.67562,57201.02099999999,1345.4976178571428,False,16.02761047976945,24.349012729485242,14.065318232948956,54.71711885256022,57757.614,58074.522181818174,58054.37742377463,59323.48674036547,57556.64785714285,55789.80897392023
21:00 25-11-2021,58960.37,59150.0,57857.0,57900.91,6724.56509,57296.415,1348.7975321428582,False,15.847035519610769,22.38666745972419,17.061357281654747,49.087926566272316,57886.342000000004,58035.286545454546,58026.4742558156,59337.76998459333,57565.41285714286,55793.05572969239
01:00 26-11-2021,57900.9,58013.39,56636.57,56957.86,6998.47949,57331.949,1169.6268214285735,False,15.144926930499569,20.492763633462623,23.116987040364844,44.77212726053379,57909.375,57997.42963636363,57832.180754758214,59323.629592371,57523.74071428571,55723.851836200425
05:00 26-11-2021,56966.32,56966.32,53680.45,53719.3,28211.18841,57170.523,533.0796250000028,False,16.57170206238407,16.83275873486126,35.05596302820078,33.97440721366557,57598.792,57888.90781818181,57084.384253893084,59952.854971853136,57332.26285714286,54711.67074243258
09:00 26-11-2021,53719.31,54878.38,53500.0,54341.55,12788.3491,57087.2635,-30.806767857139562,False,17.989019978377456,15.576030978536851,33.416100716060946,37.04514622075254,57319.117999999995,57772.15727272727,56585.68711682162,60199.70368597604,57178.26857142857,54156.8334568811
13:00 26-11-2021,54341.54,54648.93,53927.44,54326.76,6114.08238,56996.126000000004,-554.3229928571391,False,19.305100900371315,14.946980617121303,32.06656499277548,37.00208993976961,56976.795,57675.10763636364,56174.97309558132,60369.68170779472,57014.92071428571,53660.159720776704
17:00 26-11-2021,54326.77,54584.74,53521.0,53726.53,5091.20619,56838.299,-1086.9230821428537,False,20.752146734692555,14.046281300371758,32.4366807499069,35.251790704579776,56584.558999999994,57557.18109090909,55729.80162365744,60560.4309290404,56800.563571428575,53040.69621381675
21:00 26-11-2021,53723.72,54641.99,53610.0,54347.07,6283.80615,56666.74249999999,-1367.6230785714242,False,22.021487311319436,13.542908402498824,30.515486233765255,38.421667973742245,56218.26700000001,57448.13018181818,55478.395873901536,60589.79207440483,56623.55928571429,52657.32649702375
01:00 27-11-2021,54347.06,54613.84,54200.0,54394.56,3867.2987,56509.40699999999,-1616.3740214285674,False,23.20016070390154,13.205139558794416,29.754410385511353,38.66357136337379,55752.873,57349.121999999996,55281.33480591943,60541.12000054056,56427.57857142857,52314.03714231657
05:00 27-11-2021,54394.55,55280.0,54300.0,54605.73,6069.40562,56419.693999999996,-1897.2051999999962,False,23.389898020666585,16.480443194440795,27.97507737454214,39.77102599305337,55328.063,57255.87709090909,55158.49756847953,60346.43336631579,56202.98857142857,52059.54377654135
09:00 27-11-2021,54605.73,55223.0,54500.0,54898.22,4057.78965,56339.731499999994,-2090.4731178571383,False,23.566082671948415,15.732940614856181,26.706213287889224,41.3158654706614,54921.849,57177.41763636364,55111.17437421052,60117.81433333637,56006.512142857144,51895.20995237792
13:00 27-11-2021,54898.23,55224.44,54651.0,54935.91,4568.24385,56255.84550000001,-2246.3485249999962,False,23.727622388588195,15.155519352379853,25.71015915038113,41.51932674834424,54625.349,57119.888,55079.30812435406,59773.23610238093,55786.935,51800.63389761907
17:00 27-11-2021,54935.91,55065.0,54011.01,54721.03,4870.4556,56155.520500000006,-2408.6934749999964,False,24.401335815158728,14.113583196760002,28.117119744670564,40.6730468543017,54401.666000000005,57061.579454545456,55014.16664719877,59054.651904644335,55477.83,51901.00809535567
21:00 27-11-2021,54716.47,54821.0,53666.6,54137.31,7044.54084,56021.129499999995,-2640.656446428569,False,25.285619112393995,13.05493985270555,28.24594188276734,38.43302009453449,54443.467000000004,57011.50109090909,54854.738165889896,58238.78941900016,55140.93571428572,52043.08200957128
01:00 28-11-2021,54137.31,54636.65,53923.04,54515.61,3736.91897,55889.995500000005,-2732.3997714285692,False,26.106739316969602,12.434050376484219,26.902572379817467,40.66240275107941,54460.873,56986.33036363636,54793.078499364456,57090.0018051673,54823.45357142858,52556.90533768986
05:00 28-11-2021,54515.6,54933.8,54130.72,54493.09,3648.45682,55727.1505,-2719.609364285713,False,26.366738007336544,13.772927376301752,25.436423614401026,40.57034636469059,54477.505999999994,56959.153272727264,54738.535135843646,56071.84675103539,54580.03785714286,53088.22896325033
09:00 28-11-2021,54493.1,54635.52,54029.99,54296.14,3571.69004,55559.513,-2699.3561107142846,False,26.700643607929184,13.18925899849053,25.063437947798416,39.742069823892244,54534.467000000004,56910.181454545454,54658.09965659934,55088.839531906684,54389.915,53690.99046809332
13:00 28-11-2021,54296.14,54967.5,53256.64,54617.85,7842.8031,55389.906,-2526.510389285715,False,27.66198346669642,11.682821431801122,27.363651197687105,41.78560448366096,54561.545,56850.72454545455,54650.78153721764,55052.736857087686,54454.09714285714,53855.4574286266
17:00 28-11-2021,54617.85,57445.05,54617.84,57274.88,10319.30393,55301.225,-1723.0899214285719,False,25.953909225853042,24.512722563883056,22.741199445122906,55.04100099690403,54849.577000000005,56836.93963636364,55127.890348632616,56229.67495218025,54663.62071428572,53097.566476391185
21:00 28-11-2021,57274.89,58242.09,57136.56,57359.02,9220.69419,55226.4845,-915.6345750000024,False,25.040964984154016,27.672834173445178,21.230897304639893,55.379671628514096,55124.905999999995,56824.335636363634,55533.55028524486,56955.83699094783,54880.21071428572,52804.58443762361
01:00 29-11-2021,57359.02,57688.0,57200.0,57515.13,4210.84638,55154.223,-51.050214285717175,False,24.193231045433492,26.825920627474787,20.581136083663832,56.02659906592226,55386.596999999994,56806.190727272726,55893.83750610943,57521.19909405307,55150.825000000004,52780.45090594694
05:00 29-11-2021,57512.17,57642.85,56666.67,56883.29,5382.27722,55103.342000000004,630.1341607142845,False,22.835212104206352,25.166691614909233,22.68738807938121,52.76718509214476,55581.335,56778.976727272726,56073.73795954407,57813.99379325187,55331.983571428565,52849.97334960526
09:00 29-11-2021,56883.29,57500.0,56799.21,57125.93,5695.69186,55111.7455,1246.9009535714267,False,21.574194515924006,24.01818233409128,21.652024505757915,53.8524251625016,55821.825,56751.70872727273,56265.04560326333,58110.982576424845,55527.08142857143,52943.180280718014
13:00 29-11-2021,57125.93,58865.97,57000.01,57880.67,10467.38329,55319.814,1650.9268035714267,False,21.577560909407428,29.709914636248357,19.146508979427068,57.08122190255093,56196.161,56757.023272727274,56558.79549357909,58553.46037972896,55761.00571428572,52968.55104884248
17:00 29-11-2021,57880.67,58400.0,57667.0,57776.25,5148.38715,55491.549,2014.4283499999992,False,21.580686846213464,28.32338221298561,18.252960283064365,56.505457336687556,56522.225,56726.95436363637,56780.15085838289,58895.13203123284,55966.57928571429,53038.02654019574
21:00 29-11-2021,57776.25,57964.18,56770.01,57092.92,6347.17192,55629.856999999996,2178.0231750000003,False,20.57026525232563,26.179792377062434,22.55636415018846,52.834396219275966,56782.208,56679.41636363636,56837.017975040544,59043.05275120093,56120.65142857143,53198.25010594193
01:00 30-11-2021,57092.91,57282.11,55875.55,56510.08,6157.46231,55769.034499999994,2116.2729107142854,False,19.424159252734256,23.8866616032003,26.150744789677745,49.92239286667943,57003.602,56640.06018181818,56777.57470685136,59069.56492100568,56248.440714285716,53427.31650756575
05:00 30-11-2021,56510.08,57713.91,56236.54,57602.45,7419.71746,55931.8035,2262.7338535714275,False,18.121966546212033,24.36813069220258,23.79334212306011,54.83359139983548,57302.062,56614.96399999999,56927.55203287838,59134.91196640716,56495.95071428571,53856.98946216426
09:00 30-11-2021,57602.45,59176.99,57102.05,57238.84,13890.73595,56074.0175,2272.109742857141,False,18.0872140478228,29.904847631908304,20.938418266984886,53.01196110007936,57298.458,56588.52636363637,56984.14984508231,59109.13441980871,56690.46714285714,54271.79986590557
13:00 30-11-2021,57233.8,58380.41,56500.0,57629.99,10961.4101,56225.230500000005,2320.28504285714,False,17.477875397420632,26.769982508233902,22.099758894191687,54.715481031976644,57325.55499999999,56559.994181818176,57101.57532779461,59040.9771231098,56914.53142857143,54788.085734033055
17:00 30-11-2021,57629.99,57786.08,56762.39,56950.56,4384.5542,56327.847499999996,2219.7444714285684,False,16.912060936332903,25.22001296676978,20.820193128724256,51.313959635136726,57269.098,56517.02018181818,57074.11799546832,58659.606334171345,57104.13285714285,55548.65938011436
21:00 30-11-2021,56950.56,57686.12,56630.0,57362.01,5939.8025,56449.15249999999,2161.249599999998,False,16.251958435315576,23.695700115992583,20.31946170379404,53.16978817813193,57316.969999999994,56494.11090909091,57126.46199629226,58020.31361805295,57300.14428571429,56579.97495337563
01:00 01-12-2021,57362.04,57415.16,56666.66,57163.87,4876.32178,56571.294499999996,2003.204307142857,False,15.639006112942342,22.650798172807423,19.423440699356988,52.161886492304205,57320.764,56490.119636363626,57133.26345151184,58015.75899652011,57292.215000000004,56568.671003479896
05:00 01-12-2021,57163.87,57850.0,56717.22,57157.93,7795.17026,56722.3255,1744.789535714285,False,15.475663657750824,23.705918109197853,18.121087725533204,52.13070208483802,57248.490000000005,56488.272181818174,57137.74827850968,58003.50126241938,57277.85142857143,56552.201594723476
09:00 01-12-2021,57160.66,58819.45,57000.0,58614.49,10780.20842,56927.269499999995,1742.4300999999994,False,16.120688212649718,26.779711980631895,16.237829958420747,58.53005415063462,57332.314,56514.34454545455,57406.2467733261,58354.512605419586,57356.377142857134,56358.24168029468
13:00 01-12-2021,58614.49,59053.55,57000.89,57427.9,8974.20304,57074.01000000001,1459.1602892857131,True,16.89430627765203,25.05601426958316,14.417399792848443,52.51038219510847,57365.812,56500.401090909094,57410.18372363044,58358.468798313574,57395.27785714286,56432.08691597214
17:00 01-12-2021,57427.91,57459.36,56458.01,57184.07,6590.93056,57218.4065,1071.9192821428564,True,16.93402621153222,23.662352095740246,16.631005861032808,51.367644896228846,57433.210999999996,56522.056363636366,57369.07213751582,58358.432845326664,57399.430714285714,56440.428583244764
21:00 01-12-2021,57184.07,57375.47,55777.77,56300.12,8596.70554,57302.52,465.1737892857134,True,16.201394984936776,21.598133167643173,18.894372047707886,47.42887170640096,57302.978,56523.01890909091,57174.71720342203,58357.895522905266,57286.53428571428,56215.1730485233
01:00 02-12-2021,56300.12,56976.25,56219.58,56810.43,5257.58196,57279.2975,165.33767857142902,True,15.521094560241005,20.678098063831595,18.08951148807349,49.76944408986497,57260.137,56520.52090909092,57108.4831664362,58278.21765850639,57217.54714285714,56156.87662720789
05:00 02-12-2021,56810.42,57175.65,56038.15,56314.2,5757.58823,57227.05649999999,-180.6778678571418,True,15.09096652827825,20.47497992483489,16.922482031132187,47.60019777731786,57128.558000000005,56526.111090909086,56964.06804526597,58320.09603514699,57161.92428571429,56003.75253628159
09:00 02-12-2021,56309.51,57367.67,56012.82,56520.81,7480.52727,57177.340500000006,-420.83262499999955,True,14.888126704873514,19.993318216566934,15.62913680119227,48.582403734698396,57085.583,56532.862,56883.47567339943,58319.14893228137,57162.69071428571,56006.232496290046
13:00 02-12-2021,56516.95,56945.52,56001.0,56616.28,6413.65242,57163.990000000005,-642.203910714285,True,14.683645753149035,18.90836973550811,14.848922544191199,49.04695647484765,57011.009999999995,56528.011272727264,56834.89464187226,58253.111078805756,57092.25,55931.388921194244
17:00 02-12-2021,56616.27,57221.0,56365.0,56480.34,4068.00434,57131.71050000001,-831.1036821428568,True,14.795805320706958,19.57603093120268,14.102038105108058,48.39164111914573,56942.65700000001,56504.41381818182,56770.43016153185,58236.695083146325,57038.07142857143,55839.44777399653
21:00 02-12-2021,56484.26,56772.24,56050.81,56323.01,4407.6787,57053.8275,-956.5223142857137,True,14.43705752960602,18.721356146308068,15.387757754492561,47.616577889603946,56859.165,56482.263636363634,56689.081041253325,58147.970411055416,56944.71571428572,55741.46101751602
01:00 03-12-2021,56318.89,57045.44,56229.98,56733.69,5200.45315,57001.6995,-975.1071785714257,True,14.423665941337891,19.46727359785213,14.611231373009966,49.824710128302826,56671.085,56488.3309090909,56697.191761025446,58137.353984806236,56929.225,55721.09601519376
05:00 03-12-2021,56733.7,57330.0,56426.35,56959.77,5749.03202,56995.042,-990.5406357142831,True,14.734113744398124,20.150195915486925,13.781279898218346,51.02110671515397,56624.272,56496.736363636366,56744.933259020814,58084.98719014415,56900.49357142857,55715.999952712984
09:00 03-12-2021,56959.77,57600.0,55722.0,55975.32,9583.54817,56968.30399999999,-1227.202974999996,True,13.977156586897593,17.877447272194356,16.457124397252546,45.994247663946524,56503.397,56485.13072727273,56605.003575562485,58080.0861202352,56815.59714285714,55551.10816547908
13:00 03-12-2021,55975.33,55975.33,53750.0,53838.65,14524.94365,56780.114,-1624.423696428567,True,14.69806524055197,15.628075897491309,25.53628794635476,37.54339452757007,56257.25,56432.60563636364,56102.03019818748,58546.41344861711,56578.50571428572,54610.59797995433
17:00 03-12-2021,53838.66,54251.0,51680.0,53601.05,19462.03458,56598.2245,-1935.5885892857102,False,16.63885540276655,13.512689139520226,32.977888280271536,36.75294426220961,55936.312,56373.986,55647.306525789754,58390.26106901411,56220.40285714286,54050.544645271606
21:00 03-12-2021,53601.05,53859.1,52000.0,52000.0,7281.70544,56316.725,-2436.756699999997,False,18.441017696251514,12.224175007403979,29.833253288839366,31.977436925440287,55504.89200000001,56280.562545454544,54984.15988473707,58795.72079178171,55832.69571428571,52869.67063678972
01:00 04-12-2021,52000.01,52606.98,42000.3,47242.74,57819.958338,55831.33400000001,-3324.992892857145,False,22.471754685833105,7.708132830404275,53.64119073482049,22.737054114536434,54577.085,56089.521636363635,53576.62899660305,60349.731848268864,55122.600714285705,49895.469580302546
05:00 04-12-2021,47242.75,47918.05,46131.71,46489.67,18042.00664,55287.717000000004,-4173.031925000003,False,26.21458189044458,7.224082555824597,50.2726663884894,21.69254628593525,53564.424,55886.626727272735,52288.09099722068,61223.04016698837,54421.85428571428,47620.66840444019
09:00 04-12-2021,46489.66,48573.78,46489.66,48203.73,13676.20041,54839.71,-4580.684875000003,False,29.173080940294664,8.996715816529358,46.59616498088778,29.45680015676274,52736.763,55708.33109090909,51545.479906816916,61166.5375099815,53807.090000000004,46447.64249001851
13:00 04-12-2021,48203.74,49444.0,47742.09,49250.0,9852.62283,54444.313500000004,-4690.469232142861,False,31.25153136275866,11.54282718366773,43.78049326074963,33.6817707807994,52029.462,55530.176545454546,51128.119923759295,60870.899305149636,53302.50428571428,45734.10926627893
17:00 04-12-2021,49249.99,49487.76,48447.5,49152.47,7530.88009,53971.2125,-4582.969853571432,False,33.14743222942022,11.262185365062994,42.10569434613823,33.48498690151945,51271.340000000004,55353.788181818185,50768.91084671215,60400.766835275885,52776.194285714286,45151.62173615269
21:00 04-12-2021,49152.46,49699.0,48315.41,49170.79,8283.93499,53558.357,-4418.826432142862,False,34.73395982098655,11.470252916222933,39.91840900411151,33.56173657100163,50492.441999999995,55175.796,50478.343420037214,59761.25721394062,52244.37357142857,44727.489928916526
01:00 05-12-2021,49170.78,49666.94,48831.61,49289.18,5716.31633,53163.6125,-4180.63068928572,False,36.207164013155285,11.095498486208722,38.61420056837146,34.07915931660956,49823.827999999994,55019.219090909086,50262.13188912135,58998.227725732984,51730.71928571429,44463.21084569559
05:00 05-12-2021,49289.17,49573.23,48700.0,49242.58,5874.04338,52810.735499999995,-4006.9647500000056,False,37.610306664015305,10.701868090362474,37.77899058277458,33.969545758798446,49364.221000000005,54878.94127272727,50076.758818372015,58119.67592165704,51224.974285714285,44330.27264977153
09:00 05-12-2021,49236.24,49699.05,47727.21,47951.57,11548.34056,52367.792499999996,-3990.69043928572,False,39.16772771820509,9.851923620075691,38.69670159080903,31.05649577413152,48799.273,54774.073454545454,49690.36085139528,56950.169734062845,50597.67999999999,44245.19026593714
13:00 05-12-2021,47951.57,49351.29,47894.84,48902.45,8775.47257,51997.205,-3773.787775000006,False,40.61390441138133,9.266518968316397,36.397330423046476,35.35452003670068,48489.518,54675.180727272724,49547.10433295977,55340.585593128504,50022.15714285715,44703.72869258579
17:00 05-12-2021,48902.44,49546.69,48498.45,49396.33,5382.71229,51640.981,-3395.2510928571483,False,41.74665377951282,9.679249532409793,34.79482460099799,37.485258141034095,48704.87699999999,54585.536545454546,49519.69081787617,53722.181154861086,49552.22928571428,45382.27741656748
21:00 05-12-2021,49396.32,49438.18,48273.58,49018.47,7144.47282,51261.0905,-3034.002835714289,False,42.868010059961655,9.194879921543272,34.0198707649722,36.51595320222407,48957.757,54499.93545454545,49428.5597600805,52635.20203272565,49207.93071428571,45780.65939584577
01:00 06-12-2021,49018.46,49258.44,47731.0,48412.66,6521.97504,50857.7065,-2748.245871428574,False,44.076172498182466,8.587874006550438,34.11904673554738,34.989041655330354,48978.65,54392.03709090909,49243.85071279313,51258.77168701165,48837.33142857143,46415.89117013121
05:00 06-12-2021,48412.66,49409.79,47100.0,48577.78,17870.00012,50470.445,-2392.1017178571446,False,45.38288088399245,7.75423359109756,33.458905480415154,35.759729019470925,48911.428,54286.27745454545,49122.74694683074,50261.94655000813,48592.887142857144,46923.82773570616
09:00 06-12-2021,48577.78,48967.98,47822.39,48942.68,9622.82489,50080.894499999995,-1879.55885,False,46.59625295653029,7.372007552717133,31.80963031478089,37.483721494191165,48890.449,54183.312909090906,49090.00750195242,50211.279917731415,48714.31142857143,47217.34293941145
13:00 06-12-2021,48942.67,49366.0,48653.05,49103.0,7911.93339,49688.056000000004,-1270.795067857142,False,47.20156790471391,8.921610734404268,30.79235424898343,38.25011948699212,48883.67,54077.945272727266,49092.36977432471,49755.78437550941,48900.977857142854,48046.1713387763
17:00 06-12-2021,49103.0,50891.11,48760.0,50441.92,9500.00949,49411.386,-402.7572142857116,False,46.030398177559,14.768519720046996,27.918265858592278,44.25757319620006,48998.944,53996.236363636366,49337.742542629305,50141.58333772448,49060.84857142857,47980.11380513266
21:00 06-12-2021,50441.91,51430.0,50332.62,50945.03,6584.90221,49266.705,461.8807107142866,False,44.417809569476674,16.458404541435844,26.54433483473728,46.32307993103593,49169.189,53927.58181818182,49629.97662578761,50635.69504513064,49181.92214285715,47728.149240583654
01:00 07-12-2021,50945.02,51335.16,50797.86,50907.27,4801.69076,49132.016,1318.4929178571447,True,42.920405861971666,16.04212705238236,25.872956936242918,46.187868287266404,49464.759,53868.853818181815,49862.211784735315,51010.46374971107,49307.26500000001,47604.066250288946
05:00 07-12-2021,50907.27,51500.0,50810.03,51456.2,5985.50837,49104.826,2123.7087178571437,True,41.3575903377483,16.307382069719637,24.99856075971333,48.48867817633311,49720.134,53813.22818181818,50152.02782387435,51497.42168194782,49470.508571428574,47443.59546090933
09:00 07-12-2021,51456.21,51936.33,50611.04,51734.15,9018.45524,49329.3965,2488.2099214285727,False,39.450079302671085,17.393075002882448,23.36514739145467,49.63641749735847,49953.916000000005,53763.06563636364,50439.68640135173,51977.745620316746,49645.14928571428,47312.552951111815
13:00 07-12-2021,51734.15,51866.88,50666.0,50884.48,6009.71255,49549.137,2488.4965178571438,False,37.67881905581367,16.350549185912655,21.964660739792496,46.315722340134606,50140.517,53701.03545454546,50520.55796474233,52166.28420618143,49762.42785714286,47358.57150810429
17:00 07-12-2021,50884.49,51006.2,50039.74,50588.95,5853.19964,49668.398,2475.1358000000005,False,36.526422994321905,15.543096740011864,24.080002010292393,45.20839666750866,50358.146,53627.78272727272,50532.99288024372,52163.24005550007,49950.81214285714,47738.38423021421
21:00 07-12-2021,50588.95,50795.45,50100.0,50110.91,4341.24089,49711.4435,2415.1780250000006,False,35.456340937222414,14.970196731855062,23.192441855526102,43.44001520206175,50511.458999999995,53497.52872727273,50456.250538381224,52172.15738127892,50037.13071428571,47902.1040472925
01:00 08-12-2021,50110.9,50700.0,50077.0,50480.93,3574.10655,49777.866500000004,2378.362092857142,False,34.48190427802662,14.456152125433464,22.522831906426294,45.18695576143842,50665.284,53372.47254545454,50460.737713220995,52229.616008387195,50114.60214285715,47999.5882773271
05:00 08-12-2021,50480.92,50620.2,48824.69,49186.51,9076.32002,49778.652500000004,2103.758514285713,False,34.51178338098249,13.063863144162447,27.07102358651317,40.57243763873807,50673.634999999995,53221.043090909094,50229.05994718081,52218.37971955272,50126.605,48034.830280447284
09:00 08-12-2021,49186.5,51200.0,48600.0,50640.1,11878.10358,49846.1985,2095.1748214285694,False,33.797355240214095,14.269917512293775,23.53609044770149,46.973464267720246,50693.453,53107.530545454545,50303.79450223884,52159.28371664979,50285.70785714286,48412.13199763592
13:00 08-12-2021,50640.09,50865.8,50052.12,50423.21,5338.65364,49905.229999999996,2008.8050607142852,False,33.13395768092916,13.66838552954742,22.543953587701672,46.19201175597326,50641.27099999999,52985.66290909091,50325.50641092268,52033.92540610064,50417.52428571428,48801.12316532792
17:00 08-12-2021,50423.2,50896.08,50079.78,50471.19,4217.49998,50031.211,1773.0598535714278,False,32.47664835663386,13.23458451905587,21.561965010278158,46.399653519009384,50597.663,52850.94509090909,50351.994336209464,51921.12785085927,50526.70357142857,49132.27929199786
21:00 08-12-2021,50471.19,50797.76,49425.74,49513.35,4617.26688,50061.756,1415.5125107142837,False,32.395965679247645,12.267369296888393,23.469992609322187,42.91925297764887,50403.378000000004,52700.710545454545,50199.51354780774,51842.58144553499,50556.01428571429,49269.447125893596
01:00 09-12-2021,49517.0,50350.0,49184.49,50016.89,4916.96612,50092.784,1191.2318107142848,False,32.50386136091338,11.498596693549398,23.29634562950553,45.19413524509563,50231.652,52572.05545454545,50166.309266388154,51841.289185018126,50525.655000000006,49210.020814981886
05:00 09-12-2021,50016.86,50016.89,48898.0,49160.53,5915.54716,50099.887,766.5239142857138,False,32.81888854174165,10.798942019714401,23.436810529424356,42.18445399808461,50059.257,52438.42727272727,49983.440308863035,51863.831231300326,50398.19071428571,48932.55019727109
09:00 09-12-2021,49160.54,49670.5,48048.0,48464.09,8449.98398,50102.4585,159.48866071428483,True,33.683445318642,9.861855817631454,25.949096602358036,39.90927293020506,49846.77099999999,52272.275272727275,49707.19479816066,51961.78643253206,50223.67785714286,48485.569281753655
13:00 09-12-2021,48462.08,48838.29,47500.0,47613.53,7734.7886,50054.246,-591.8707357142864,False,34.80490526845261,9.156093052041694,27.022475700527014,37.321532873312655,49597.033,52097.269636363635,49326.52847122235,52006.426580162166,49949.20142857143,47891.9762769807
17:00 09-12-2021,47615.89,48468.11,47320.0,47545.59,6058.13391,49984.391500000005,-1274.8198607142863,False,35.94696522060161,8.58825686116919,26.318918216876426,37.11916479355931,49303.498999999996,51913.91690909091,49002.721476454644,51798.158948856835,49650.01857142857,47501.8781940003
21:00 09-12-2021,47535.9,48788.29,47439.29,48373.48,6187.65819,49947.9155,-1746.916346428573,False,36.461850988258114,9.690366050800879,24.403849580213503,41.20821702574943,49222.196,51757.97,48888.313935281076,51595.75401169623,49470.66142857143,47345.568845446636
01:00 10-12-2021,48373.48,48573.77,47550.0,47694.62,5438.86322,49810.5505,-2132.9398714285726,False,36.93995920108201,9.146435658695117,23.034035952795527,39.01816145055175,48927.648,51582.19927272727,48671.27867432088,51475.02872166663,49263.923571428575,47052.81842119052
05:00 10-12-2021,47694.62,48728.0,47587.39,48711.0,5378.57781,49698.849,-2172.509282142856,False,37.102517977967125,9.422507548900882,21.580630670004915,43.73110245439107,48756.427,51428.51072727273,48678.500733535264,51339.10207293132,49163.93,46988.757927068684
09:00 10-12-2021,48711.0,50125.0,47744.19,47979.22,13037.66562,49552.4465,-2275.8965178571416,False,35.14899015248083,15.540870527141129,18.899925602981536,41.31139864499152,48507.23,51261.62509090909,48551.35878198339,51108.698339396215,48985.23642857142,46861.77451774663
13:00 10-12-2021,47979.23,48326.05,47251.06,48098.84,8610.89,49384.5785,-2193.76032857143,False,33.81498983311619,14.655644461619758,20.43634243908282,41.864888858466344,48365.778999999995,51070.431454545454,48469.08263980459,51074.99994331994,48907.545714285705,46740.09148525147
17:00 10-12-2021,48098.84,48522.5,46852.0,47140.54,5579.91907,49154.898,-2250.148885714287,False,32.939840878842986,13.380182188944243,20.73679294659768,38.78066742758486,48078.144,50883.388545454545,48227.52943256739,50774.73745461557,48657.57714285714,46540.41683109871
21:00 10-12-2021,47140.54,48683.7,46751.0,48296.99,7514.0733,49025.523499999996,-2082.30500357143,False,31.90296641037512,12.887184826221217,18.708189720501466,44.0194959080744,47991.79,50721.80527272727,48240.158626646036,50386.27683112661,48505.70428571429,46625.131740301964
01:00 11-12-2021,48297.0,48881.99,47765.33,48021.76,5072.88056,48897.164000000004,-1972.9030642857156,False,30.66034999921768,13.166622405131767,17.634777113500785,43.09559837199955,47947.557,50571.28963636364,48200.44978543767,49872.585579156,48330.744999999995,46788.90442084399
05:00 11-12-2021,48021.75,48900.0,47843.1,48240.44,4266.68244,48803.6405,-1836.8719250000013,False,29.480113985687073,12.53329108381537,16.660419293422702,44.07724902775917,48010.248,50415.47163636363,48207.72073353991,49635.15364255318,48239.822857142855,46844.49207173253
09:00 11-12-2021,48240.43,48943.92,48160.0,48747.02,3968.26431,48716.94499999999,-1548.6699821428583,True,28.315709331255167,12.240343010705617,15.956211519498407,46.334708498622156,48130.391,50277.88654545455,48305.77514562356,49190.876775737255,48149.11785714285,47107.35893854845
13:00 11-12-2021,48745.11,49276.0,48385.98,48407.25,4611.81629,48677.981999999996,-1436.1155357142857,False,26.717010759598526,13.472365028577855,15.172107802787005,45.05076190272086,48133.768,50130.36727272728,48324.22511914655,48989.988886978164,48095.31214285713,47200.6353987361
17:00 11-12-2021,48407.25,49485.71,48390.22,49389.99,3455.47668,48615.476500000004,-979.7617035714288,True,24.91685312465051,13.819153902862983,14.244259576392409,49.325958271656,48303.305,49998.98018181819,48518.00055202899,49267.34390697865,48161.447857142855,47055.55180730706
21:00 11-12-2021,49389.99,49699.95,49022.9,49305.7,4316.43753,48559.601,-554.4076285714292,True,23.34706322648079,14.516272116524567,13.687149465854862,48.98189069186653,48362.775,49868.532181818184,48661.21863347827,49487.67291306398,48282.31714285714,47076.961372650294
01:00 12-12-2021,49305.71,49359.86,48824.09,49301.21,2409.63549,48501.102,-120.0003678571436,True,21.77833013275774,14.048042055560728,14.442580167708671,48.96274016978844,48494.974,49740.86309090909,48777.580700118575,49645.26307336822,48407.718571428566,47170.17406948891
05:00 12-12-2021,49301.2,49376.79,48638.0,49124.33,3519.66852,48481.651,207.3134214285708,True,20.60782640219156,13.405905145777867,14.933776120168421,48.1815891985727,48597.523,49602.511090909094,48840.62602736974,49752.24158555089,48461.35071428572,47170.45984302055
09:00 12-12-2021,49124.33,49934.59,49107.33,49623.26,5475.66743,48461.9695,675.7213071428573,True,19.6235511944332,16.228067089672116,14.153613960653505,50.52522628691626,48845.795,49469.12,48982.92311330252,49943.82152747779,48599.110714285714,47254.39990109364
13:00 12-12-2021,49623.26,50777.0,49501.69,50221.05,7190.89434,48514.995500000005,1120.2200607142859,True,19.765432835392993,20.20472783157313,13.024028709703892,53.19505520071917,49038.200999999994,49364.49690909091,49208.037092702056,50291.19344237625,48706.97142857143,47122.74941476661
17:00 12-12-2021,50221.05,50547.07,49862.75,50053.9,3105.6309,48594.486,1424.6650035714283,True,19.897180073427084,19.313986231113955,12.449853978224489,52.36336554936961,49241.415,49295.68327272728,49361.8303485744,50525.17590271187,48855.16285714286,47185.14981157385
21:00 12-12-2021,50053.9,50189.97,48430.13,48873.19,6626.02879,48657.469,1372.4717392857146,True,19.002661268081795,17.21243630293566,19.952983432040696,46.909953746612125,49304.69,49209.722181818186,49272.9866488336,50527.06375408667,48910.47357142856,47293.88338877046
01:00 13-12-2021,48873.2,49350.9,48554.77,48740.01,4049.78584,48717.189999999995,1256.4106642857153,True,18.172036663118313,16.34592774212424,18.94851023293623,46.33697230134522,49303.989,49150.449636363635,49176.08180359112,50318.7108662831,49024.72142857143,47730.73199085976
05:00 13-12-2021,48740.01,49171.57,48145.0,48847.26,4540.89617,48740.879,1210.3933642857153,True,17.885499463967953,15.27789792333766,20.318536698967975,46.88690788858676,49347.990000000005,49179.62272727273,49116.296021120004,50299.305632561096,49064.02642857143,47828.74722458176
09:00 13-12-2021,48845.0,49000.0,47012.03,47252.02,9525.17074,48718.748999999996,787.5918035714296,True,18.717512682605655,13.445734250811114,24.716426379146906,40.40404774328813,49134.193,49193.483636363635,48777.336744552726,50472.44886726693,49009.045,47545.641132733064
13:00 13-12-2021,47252.02,47338.94,46918.88,47315.0,854.5136,48648.949,482.542700000002,False,19.568664495768445,13.088561141047622,24.648926529613057,40.744531592169395,48935.123,49177.32490909091,48511.45733645223,50608.84289992927,48942.94214285714,47277.04138578501
